"id","canton_id:id","code","name"
"parish_010101","canton_0101","010101","Bellavista"
"parish_010102","canton_0101","010102","Cañaribamba"
"parish_010103","canton_0101","010103","El Batan"
"parish_010104","canton_0101","010104","El Sagrario"
"parish_010105","canton_0101","010105","El Vecino"
"parish_010106","canton_0101","010106","Gil Ramirez Davalos"
"parish_010107","canton_0101","010107","Huaynacapac"
"parish_010108","canton_0101","010108","Machangara"
"parish_010109","canton_0101","010109","Monay"
"parish_010110","canton_0101","010110","San Blas"
"parish_010111","canton_0101","010111","San Sebastian"
"parish_010112","canton_0101","010112","Sucre"
"parish_010113","canton_0101","010113","Totoracocha"
"parish_010114","canton_0101","010114","Yanuncay"
"parish_010115","canton_0101","010115","Hermano Miguel"
"parish_010150","canton_0101","010150","Cuenca"
"parish_010151","canton_0101","010151","Baños"
"parish_010152","canton_0101","010152","Cumbe"
"parish_010153","canton_0101","010153","Chaucha"
"parish_010154","canton_0101","010154","Checa (Jidcay)"
"parish_010155","canton_0101","010155","Chiquintad"
"parish_010156","canton_0101","010156","Llacao"
"parish_010157","canton_0101","010157","Molleturo"
"parish_010158","canton_0101","010158","Nulti"
"parish_010159","canton_0101","010159","Octavio Cordero Palacios (Santa Rosa)"
"parish_010160","canton_0101","010160","Paccha"
"parish_010161","canton_0101","010161","Quingeo"
"parish_010162","canton_0101","010162","Ricaurte"
"parish_010163","canton_0101","010163","San Joaquin"
"parish_010164","canton_0101","010164","Santa Ana"
"parish_010165","canton_0101","010165","Sayausi"
"parish_010166","canton_0101","010166","Sidcay"
"parish_010167","canton_0101","010167","Sinincay"
"parish_010168","canton_0101","010168","Tarqui"
"parish_010169","canton_0101","010169","Turi"
"parish_010170","canton_0101","010170","Valle"
"parish_010171","canton_0101","010171","Victoria del Portete (Irquis)"
"parish_010250","canton_0102","010250","Giron"
"parish_010251","canton_0102","010251","Asuncion"
"parish_010252","canton_0102","010252","San Gerardo"
"parish_010350","canton_0103","010350","Gualaceo"
"parish_010352","canton_0103","010352","Daniel Cordova Toral (El Oriente)"
"parish_010353","canton_0103","010353","Jadan"
"parish_010354","canton_0103","010354","Mariano Moreno"
"parish_010356","canton_0103","010356","Remigio Crespo Toral (Gulag)"
"parish_010357","canton_0103","010357","San Juan"
"parish_010358","canton_0103","010358","Zhidmad"
"parish_010359","canton_0103","010359","Luis Cordero Vega"
"parish_010360","canton_0103","010360","Simón Bolívar (Cab. En Gañanzol)"
"parish_010450","canton_0104","010450","Nabon"
"parish_010451","canton_0104","010451","Cochapata"
"parish_010452","canton_0104","010452","El Progreso"
"parish_010453","canton_0104","010453","Las Nieves (Chaya)"
"parish_010455","canton_0104","010455","La Paz"
"parish_010550","canton_0105","010550","Paute"
"parish_010552","canton_0105","010552","Bulan (Jose Victor Izquierdo)"
"parish_010553","canton_0105","010553","Chican (Guillermo Ortega)"
"parish_010554","canton_0105","010554","El Cabo"
"parish_010556","canton_0105","010556","Guarainag"
"parish_010559","canton_0105","010559","San Cristobal (Carlos Ordoñez Lazo)"
"parish_010561","canton_0105","010561","Tomebamba"
"parish_010562","canton_0105","010562","Dug-Dug"
"parish_010650","canton_0106","010650","Pucara"
"parish_010652","canton_0106","010652","San Rafael de Sharug"
"parish_010750","canton_0107","010750","San Fernando"
"parish_010751","canton_0107","010751","Chumblin"
"parish_010850","canton_0108","010850","Santa Isabel (Chaguarurco)"
"parish_010851","canton_0108","010851","Abdon Calderon (La Union)"
"parish_010852","canton_0108","010852","El Carmen de Pijili"
"parish_010853","canton_0108","010853","Zhaglli (Shaglli)"
"parish_010950","canton_0109","010950","Sigsig"
"parish_010951","canton_0109","010951","Cuchil (Cutchil)"
"parish_010952","canton_0109","010952","Gima"
"parish_010953","canton_0109","010953","Guel"
"parish_010954","canton_0109","010954","Ludo"
"parish_010955","canton_0109","010955","San Bartolome"
"parish_010956","canton_0109","010956","San Jose de Raranga"
"parish_011050","canton_0110","011050","San Felipe de Oña"
"parish_011051","canton_0110","011051","Susudel"
"parish_011150","canton_0111","011150","Chordeleg"
"parish_011151","canton_0111","011151","Principal"
"parish_011152","canton_0111","011152","La Union"
"parish_011153","canton_0111","011153","Luis Galarza Orellana"
"parish_011154","canton_0111","011154","San Martin de Puzhio"
"parish_011250","canton_0112","011250","El Pan"
"parish_011253","canton_0112","011253","San Vicente"
"parish_011350","canton_0113","011350","Sevilla de Oro"
"parish_011351","canton_0113","011351","Amaluza"
"parish_011352","canton_0113","011352","Palmas"
"parish_011450","canton_0114","011450","Guachapala"
"parish_011550","canton_0115","011550","Camilo Ponce Enriquez"
"parish_011551","canton_0115","011551","El Carmen de Pijili"
"parish_020101","canton_0201","020101","Angel Polibio Chavez"
"parish_020102","canton_0201","020102","Gabriel Ignacio Veintimilla"
"parish_020103","canton_0201","020103","Guanujo"
"parish_020150","canton_0201","020150","Guaranda"
"parish_020151","canton_0201","020151","Facundo Vela"
"parish_020153","canton_0201","020153","Julio E. Moreno (Catahuan Grande)"
"parish_020155","canton_0201","020155","Salinas"
"parish_020156","canton_0201","020156","San Lorenzo"
"parish_020157","canton_0201","020157","San Simon (Yacoto)"
"parish_020158","canton_0201","020158","Santafe (Santa Fe)"
"parish_020159","canton_0201","020159","Simiatug"
"parish_020160","canton_0201","020160","San Luis de Pambil"
"parish_020250","canton_0202","020250","Chillanes"
"parish_020251","canton_0202","020251","San Jose del Tambo (Tambopamba)"
"parish_020350","canton_0203","020350","San Jose de Chimbo"
"parish_020351","canton_0203","020351","Asuncion (Asancoto)"
"parish_020353","canton_0203","020353","Magdalena (Chapacoto)"
"parish_020354","canton_0203","020354","San Sebastian"
"parish_020355","canton_0203","020355","Telimbela"
"parish_020450","canton_0204","020450","Echeandia"
"parish_020550","canton_0205","020550","San Miguel"
"parish_020551","canton_0205","020551","Balsapamba"
"parish_020552","canton_0205","020552","Bilovan"
"parish_020553","canton_0205","020553","Regulo de Mora"
"parish_020554","canton_0205","020554","San Pablo (San Pablo de Atenas)"
"parish_020555","canton_0205","020555","Santiago"
"parish_020556","canton_0205","020556","San Vicente"
"parish_020650","canton_0206","020650","Caluma"
"parish_020701","canton_0207","020701","Las Mercedes"
"parish_020702","canton_0207","020702","Las Naves"
"parish_020750","canton_0207","020750","Las Naves"
"parish_030101","canton_0301","030101","Aurelio Bayas Martinez"
"parish_030102","canton_0301","030102","Azogues"
"parish_030103","canton_0301","030103","Borrero"
"parish_030104","canton_0301","030104","San Francisco"
"parish_030150","canton_0301","030150","Azogues"
"parish_030151","canton_0301","030151","Cojitambo"
"parish_030153","canton_0301","030153","Guapan"
"parish_030154","canton_0301","030154","Javier Loyola (Chuquipata)"
"parish_030155","canton_0301","030155","Luis Cordero"
"parish_030156","canton_0301","030156","Pindilig"
"parish_030157","canton_0301","030157","Rivera"
"parish_030158","canton_0301","030158","San Miguel"
"parish_030160","canton_0301","030160","Taday"
"parish_030250","canton_0302","030250","Biblian"
"parish_030251","canton_0302","030251","Nazon"
"parish_030252","canton_0302","030252","San Francisco de Sageo"
"parish_030253","canton_0302","030253","Turupamba"
"parish_030254","canton_0302","030254","Jerusalen"
"parish_030350","canton_0303","030350","Cañar"
"parish_030351","canton_0303","030351","Chontamarca"
"parish_030352","canton_0303","030352","Chorocopte"
"parish_030353","canton_0303","030353","General Morales (Socarte)"
"parish_030354","canton_0303","030354","Gualleturo"
"parish_030355","canton_0303","030355","Honorato Vasquez (Tambo Viejo)"
"parish_030356","canton_0303","030356","Ingapirca"
"parish_030357","canton_0303","030357","Juncal"
"parish_030358","canton_0303","030358","San Antonio"
"parish_030361","canton_0303","030361","Zhud"
"parish_030362","canton_0303","030362","Ventura"
"parish_030363","canton_0303","030363","Ducur"
"parish_030450","canton_0304","030450","La Troncal"
"parish_030451","canton_0304","030451","Manuel J. Calle"
"parish_030452","canton_0304","030452","Pancho Negro"
"parish_030550","canton_0305","030550","El Tambo"
"parish_030650","canton_0306","030650","Deleg"
"parish_030651","canton_0306","030651","Solano"
"parish_030750","canton_0307","030750","Suscal"
"parish_040101","canton_0401","040101","Gonzales Suarez"
"parish_040102","canton_0401","040102","Tulcan"
"parish_040150","canton_0401","040150","Tulcan"
"parish_040151","canton_0401","040151","El Carmelo (El Pun)"
"parish_040153","canton_0401","040153","Julio Andrade (Orejuela)"
"parish_040154","canton_0401","040154","Maldonado"
"parish_040155","canton_0401","040155","Pioter"
"parish_040156","canton_0401","040156","Tobar Donoso (La Bocana de Camumbi)"
"parish_040157","canton_0401","040157","Tufiño"
"parish_040158","canton_0401","040158","Urbina (Taya)"
"parish_040159","canton_0401","040159","El Chical"
"parish_040161","canton_0401","040161","Santa Martha de Cuba"
"parish_040250","canton_0402","040250","Bolivar"
"parish_040251","canton_0402","040251","Garcia Moreno"
"parish_040252","canton_0402","040252","Los Andes"
"parish_040253","canton_0402","040253","Monte Olivo"
"parish_040254","canton_0402","040254","San Vicente de Pusir"
"parish_040255","canton_0402","040255","San Rafael"
"parish_040301","canton_0403","040301","El Angel"
"parish_040302","canton_0403","040302","27 de Septiembre"
"parish_040350","canton_0403","040350","El Angel"
"parish_040351","canton_0403","040351","El Goaltal"
"parish_040352","canton_0403","040352","La Libertad (Alizo)"
"parish_040353","canton_0403","040353","San Isidro"
"parish_040450","canton_0404","040450","Mira (Chontahuasi)"
"parish_040451","canton_0404","040451","Concepcion"
"parish_040452","canton_0404","040452","Jijon y Caamaño"
"parish_040453","canton_0404","040453","Juan Montalvo"
"parish_040501","canton_0405","040501","Gonzalez Suarez"
"parish_040502","canton_0405","040502","San Jose"
"parish_040550","canton_0405","040550","San Gabriel"
"parish_040551","canton_0405","040551","Cristobal Colon"
"parish_040552","canton_0405","040552","Chitan de Navarrete"
"parish_040553","canton_0405","040553","Fernandez Salvador"
"parish_040554","canton_0405","040554","La Paz"
"parish_040555","canton_0405","040555","Piartal"
"parish_040650","canton_0406","040650","Huaca"
"parish_040651","canton_0406","040651","Mariscal Sucre"
"parish_050101","canton_0501","050101","Eloy Alfaro (San Felipe)"
"parish_050102","canton_0501","050102","Ignacio Flores (Parque Flores)"
"parish_050103","canton_0501","050103","Juan Montalvo (San Sebastian)"
"parish_050104","canton_0501","050104","La Matriz"
"parish_050105","canton_0501","050105","San Buenaventura"
"parish_050150","canton_0501","050150","Latacunga"
"parish_050151","canton_0501","050151","Alaques (Alaquez)"
"parish_050152","canton_0501","050152","Belisario Quevedo (Guanailin)"
"parish_050153","canton_0501","050153","Guaitacama (Guaytacama)"
"parish_050154","canton_0501","050154","Joseguango Bajo"
"parish_050156","canton_0501","050156","Mulalo"
"parish_050157","canton_0501","050157","11 de Noviembre (Ilinchisi)"
"parish_050158","canton_0501","050158","Poalo"
"parish_050159","canton_0501","050159","San Juan de Pastocalle"
"parish_050161","canton_0501","050161","Tanicuchi"
"parish_050162","canton_0501","050162","Toacaso"
"parish_050202","canton_0502","050202","El Carmen"
"parish_050250","canton_0502","050250","La Mana"
"parish_050251","canton_0502","050251","Guasaganda"
"parish_050252","canton_0502","050252","Pucayacu"
"parish_050350","canton_0503","050350","El Corazon"
"parish_050351","canton_0503","050351","Moraspungo"
"parish_050352","canton_0503","050352","Pinllopata"
"parish_050353","canton_0503","050353","Ramon Campaña"
"parish_050450","canton_0504","050450","Pujili"
"parish_050451","canton_0504","050451","Angamarca"
"parish_050453","canton_0504","050453","Guangaje"
"parish_050455","canton_0504","050455","La Victoria"
"parish_050456","canton_0504","050456","Pilalo"
"parish_050457","canton_0504","050457","Tingo"
"parish_050458","canton_0504","050458","Zumbahua"
"parish_050550","canton_0505","050550","San Miguel"
"parish_050551","canton_0505","050551","Antonio Jose Holguin (Santa Lucia)"
"parish_050552","canton_0505","050552","Cusubamba"
"parish_050553","canton_0505","050553","Mulalillo"
"parish_050554","canton_0505","050554","Mulliquindil (Santa Ana)"
"parish_050555","canton_0505","050555","Pansaleo"
"parish_050650","canton_0506","050650","Saquisili"
"parish_050651","canton_0506","050651","Canchagua"
"parish_050652","canton_0506","050652","Chantilin"
"parish_050653","canton_0506","050653","Cochapamba"
"parish_050750","canton_0507","050750","Sigchos"
"parish_050751","canton_0507","050751","Chugchilan"
"parish_050752","canton_0507","050752","Isinlivi"
"parish_050753","canton_0507","050753","Las Pampas"
"parish_050754","canton_0507","050754","Palo Quemado"
"parish_060101","canton_0601","060101","Lizarzaburu"
"parish_060102","canton_0601","060102","Maldonado"
"parish_060103","canton_0601","060103","Velasco"
"parish_060104","canton_0601","060104","Veloz"
"parish_060105","canton_0601","060105","Yaruquies"
"parish_060106","canton_0601","060106","Lican"
"parish_060150","canton_0601","060150","Riobamba"
"parish_060151","canton_0601","060151","Cacha"
"parish_060152","canton_0601","060152","Calpi"
"parish_060153","canton_0601","060153","Cubijies"
"parish_060154","canton_0601","060154","Flores"
"parish_060156","canton_0601","060156","Licto"
"parish_060157","canton_0601","060157","Pungala"
"parish_060158","canton_0601","060158","Punin"
"parish_060159","canton_0601","060159","Quimiag"
"parish_060160","canton_0601","060160","San Juan"
"parish_060161","canton_0601","060161","San Luis"
"parish_060250","canton_0602","060250","Alausi"
"parish_060251","canton_0602","060251","Achupallas"
"parish_060253","canton_0602","060253","Guasuntos"
"parish_060254","canton_0602","060254","Huigra"
"parish_060255","canton_0602","060255","Multitud"
"parish_060256","canton_0602","060256","Pistishi (Nariz del Diablo)"
"parish_060257","canton_0602","060257","Pumallacta (Puma-Lacta)"
"parish_060258","canton_0602","060258","Sevilla"
"parish_060259","canton_0602","060259","Sibambe"
"parish_060260","canton_0602","060260","Tixan"
"parish_060301","canton_0603","060301","Cajabamba"
"parish_060302","canton_0603","060302","Sicalpa"
"parish_060350","canton_0603","060350","Villa la Union (Cajabamba)"
"parish_060351","canton_0603","060351","Cañi"
"parish_060352","canton_0603","060352","Columbe"
"parish_060353","canton_0603","060353","Juan de Velasco (Pangor)"
"parish_060354","canton_0603","060354","Santiago de Quito"
"parish_060450","canton_0604","060450","Chambo"
"parish_060550","canton_0605","060550","Chunchi"
"parish_060551","canton_0605","060551","Capzol"
"parish_060552","canton_0605","060552","Compud"
"parish_060553","canton_0605","060553","Gonzol"
"parish_060554","canton_0605","060554","Llagos"
"parish_060650","canton_0606","060650","Guamote"
"parish_060651","canton_0606","060651","Cebadas"
"parish_060652","canton_0606","060652","Palmira"
"parish_060701","canton_0607","060701","El Rosario"
"parish_060702","canton_0607","060702","La Matriz"
"parish_060750","canton_0607","060750","Guano"
"parish_060751","canton_0607","060751","Guanando"
"parish_060752","canton_0607","060752","Ilapo"
"parish_060753","canton_0607","060753","La Providencia"
"parish_060754","canton_0607","060754","San Andres"
"parish_060755","canton_0607","060755","San Gerardo de Pacaicaguan"
"parish_060756","canton_0607","060756","San Isidro de Patulu"
"parish_060757","canton_0607","060757","San Jose del Chazo"
"parish_060758","canton_0607","060758","Santa Fe de Galan"
"parish_060759","canton_0607","060759","Valparaiso"
"parish_060850","canton_0608","060850","Pallatanga"
"parish_060950","canton_0609","060950","Penipe"
"parish_060951","canton_0609","060951","El Altar"
"parish_060952","canton_0609","060952","Matus"
"parish_060953","canton_0609","060953","Puela"
"parish_060954","canton_0609","060954","San Antonio de Bayushig"
"parish_060955","canton_0609","060955","La Candelaria"
"parish_060956","canton_0609","060956","Bilbao"
"parish_061050","canton_0610","061050","Cumanda"
"parish_070101","canton_0701","070101","La Providencia"
"parish_070102","canton_0701","070102","Machala"
"parish_070103","canton_0701","070103","Puerto Bolivar"
"parish_070104","canton_0701","070104","Nueve de Mayo"
"parish_070105","canton_0701","070105","El Cambio"
"parish_070150","canton_0701","070150","Machala"
"parish_070152","canton_0701","070152","El Retiro"
"parish_070221","canton_0702","070221","Chacras"
"parish_070250","canton_0702","070250","Arenillas"
"parish_070254","canton_0702","070254","Palmales"
"parish_070255","canton_0702","070255","Carcabon"
"parish_070350","canton_0703","070350","Paccha"
"parish_070351","canton_0703","070351","Ayapamba"
"parish_070352","canton_0703","070352","Cordoncillo"
"parish_070353","canton_0703","070353","Milagro"
"parish_070354","canton_0703","070354","San Jose"
"parish_070355","canton_0703","070355","San Juan de Cerro Azul"
"parish_070450","canton_0704","070450","Balsas"
"parish_070451","canton_0704","070451","Bellamaria"
"parish_070550","canton_0705","070550","Chilla"
"parish_070650","canton_0706","070650","El Guabo"
"parish_070651","canton_0706","070651","Barbones (Sucre)"
"parish_070652","canton_0706","070652","La Iberia"
"parish_070653","canton_0706","070653","Tendales (Cab. en Puerto)"
"parish_070654","canton_0706","070654","Rio Bonito"
"parish_070701","canton_0707","070701","Ecuador"
"parish_070702","canton_0707","070702","El Paraiso"
"parish_070703","canton_0707","070703","Hualtaco"
"parish_070704","canton_0707","070704","Milton Reyes"
"parish_070705","canton_0707","070705","Union Lojana"
"parish_070750","canton_0707","070750","Huaquillas"
"parish_070850","canton_0708","070850","Marcabeli"
"parish_070851","canton_0708","070851","El Ingenio"
"parish_070901","canton_0709","070901","Bolivar"
"parish_070902","canton_0709","070902","Loma de Franco"
"parish_070903","canton_0709","070903","Ochoa Leon (Matriz)"
"parish_070904","canton_0709","070904","Tres Cerritos"
"parish_070950","canton_0709","070950","Pasaje"
"parish_070951","canton_0709","070951","Buenavista"
"parish_070952","canton_0709","070952","Casacay"
"parish_070953","canton_0709","070953","La Peaña"
"parish_070954","canton_0709","070954","Progreso"
"parish_070955","canton_0709","070955","Uzhcurrumi"
"parish_070956","canton_0709","070956","Cañaquemada"
"parish_071001","canton_0710","071001","La Matriz"
"parish_071002","canton_0710","071002","La Susaya"
"parish_071003","canton_0710","071003","Piñas Grande"
"parish_071050","canton_0710","071050","Piñas"
"parish_071051","canton_0710","071051","Capiro"
"parish_071052","canton_0710","071052","La Bocana"
"parish_071053","canton_0710","071053","Moromoro (Cab. en el Vado)"
"parish_071054","canton_0710","071054","Piedras"
"parish_071055","canton_0710","071055","San Roque (Ambrosio Maldonado)"
"parish_071056","canton_0710","071056","Saracay"
"parish_071150","canton_0711","071150","Portovelo"
"parish_071151","canton_0711","071151","Curtincapa"
"parish_071152","canton_0711","071152","Morales"
"parish_071153","canton_0711","071153","Salati"
"parish_071201","canton_0712","071201","Santa Rosa"
"parish_071202","canton_0712","071202","Jeli"
"parish_071203","canton_0712","071203","Jambelí (Satélite)"
"parish_071204","canton_0712","071204","Jumón (Satélite)"
"parish_071250","canton_0712","071250","Santa Rosa"
"parish_071251","canton_0712","071251","Bellavista"
"parish_071252","canton_0712","071252","Jambeli"
"parish_071253","canton_0712","071253","La Avanzada"
"parish_071254","canton_0712","071254","San Antonio"
"parish_071255","canton_0712","071255","Torata"
"parish_071256","canton_0712","071256","Victoria"
"parish_071257","canton_0712","071257","Bellamaria"
"parish_071350","canton_0713","071350","Zaruma"
"parish_071351","canton_0713","071351","Abañin"
"parish_071352","canton_0713","071352","Arcapamba"
"parish_071353","canton_0713","071353","Guanazan"
"parish_071354","canton_0713","071354","Guizhaguiña"
"parish_071355","canton_0713","071355","Huertas"
"parish_071356","canton_0713","071356","Malvas"
"parish_071357","canton_0713","071357","Muluncay Grande"
"parish_071358","canton_0713","071358","Sinsao"
"parish_071359","canton_0713","071359","Salvias"
"parish_071401","canton_0714","071401","La Victoria"
"parish_071402","canton_0714","071402","Platanillos"
"parish_071403","canton_0714","071403","Valle Hermoso"
"parish_071450","canton_0714","071450","La Victoria"
"parish_071451","canton_0714","071451","La Libertad"
"parish_071452","canton_0714","071452","El Paraiso"
"parish_071453","canton_0714","071453","San Isidro"
"parish_080101","canton_0801","080101","Bartolome Ruiz (Cesar Franco Carrion)"
"parish_080102","canton_0801","080102","5 de Agosto"
"parish_080103","canton_0801","080103","Esmeraldas"
"parish_080104","canton_0801","080104","Luis Tello (Las Palmas)"
"parish_080105","canton_0801","080105","Simón Plata Torres"
"parish_080150","canton_0801","080150","Esmeraldas"
"parish_080152","canton_0801","080152","Camarones"
"parish_080153","canton_0801","080153","Crnel. Carlos Concha Torres"
"parish_080154","canton_0801","080154","Chinca"
"parish_080159","canton_0801","080159","Majua"
"parish_080163","canton_0801","080163","San Mateo"
"parish_080165","canton_0801","080165","Tabiazo"
"parish_080166","canton_0801","080166","Tachina"
"parish_080168","canton_0801","080168","Vuelta Larga"
"parish_080250","canton_0802","080250","Valdez (Limones)"
"parish_080251","canton_0802","080251","Anchayacu"
"parish_080252","canton_0802","080252","Atahualpa"
"parish_080253","canton_0802","080253","Borbon"
"parish_080254","canton_0802","080254","La Tola"
"parish_080255","canton_0802","080255","Luis Vargas Torres"
"parish_080256","canton_0802","080256","Maldonado"
"parish_080257","canton_0802","080257","Pampanal de Bolivar"
"parish_080258","canton_0802","080258","San Francisco de Onzole"
"parish_080259","canton_0802","080259","Santo Domingo de Onzole"
"parish_080260","canton_0802","080260","Selva Alegre"
"parish_080261","canton_0802","080261","Telembi"
"parish_080262","canton_0802","080262","Colon Eloy del Maria"
"parish_080263","canton_0802","080263","San Jose de Cayapas"
"parish_080264","canton_0802","080264","Timbire"
"parish_080350","canton_0803","080350","Muisne"
"parish_080351","canton_0803","080351","Bolivar"
"parish_080352","canton_0803","080352","Daule"
"parish_080353","canton_0803","080353","Galera"
"parish_080354","canton_0803","080354","Quingue (Olmedo Perdomo Franco)"
"parish_080355","canton_0803","080355","Salima"
"parish_080356","canton_0803","080356","San Francisco"
"parish_080357","canton_0803","080357","San Gregorio"
"parish_080358","canton_0803","080358","San Jose de Chamanga"
"parish_080450","canton_0804","080450","Rosa Zarate (Quininde)"
"parish_080451","canton_0804","080451","Cube"
"parish_080452","canton_0804","080452","Chura (Chancama)"
"parish_080453","canton_0804","080453","Malimpia"
"parish_080454","canton_0804","080454","Viche"
"parish_080455","canton_0804","080455","La Union"
"parish_080550","canton_0805","080550","San Lorenzo"
"parish_080551","canton_0805","080551","Alto Tambo"
"parish_080552","canton_0805","080552","Ancon (Pichangal)"
"parish_080553","canton_0805","080553","Calderon"
"parish_080554","canton_0805","080554","Carondelet"
"parish_080555","canton_0805","080555","5 de Junio"
"parish_080556","canton_0805","080556","Concepcion"
"parish_080557","canton_0805","080557","Mataje"
"parish_080558","canton_0805","080558","San Javier de Cachavi"
"parish_080559","canton_0805","080559","Santa Rita"
"parish_080560","canton_0805","080560","Tambillo"
"parish_080561","canton_0805","080561","Tulubi"
"parish_080562","canton_0805","080562","Urbina"
"parish_080650","canton_0806","080650","Atacames"
"parish_080651","canton_0806","080651","La Union"
"parish_080652","canton_0806","080652","Sua"
"parish_080653","canton_0806","080653","Tonchigue"
"parish_080654","canton_0806","080654","Tonsupa"
"parish_080750","canton_0807","080750","Rioverde"
"parish_080751","canton_0807","080751","Chontaduro"
"parish_080752","canton_0807","080752","Chumunde"
"parish_080753","canton_0807","080753","Lagarto"
"parish_080754","canton_0807","080754","Montalvo"
"parish_080755","canton_0807","080755","Rocafuerte"
"parish_090101","canton_0901","090101","Ayacucho"
"parish_090102","canton_0901","090102","Bolivar (Sagrario)"
"parish_090103","canton_0901","090103","Carbo (Concepcion)"
"parish_090104","canton_0901","090104","Febres Cordero"
"parish_090105","canton_0901","090105","Garcia Moreno"
"parish_090106","canton_0901","090106","Letamendi"
"parish_090107","canton_0901","090107","Nueve de Octubre"
"parish_090108","canton_0901","090108","Olmedo (San Alejo)"
"parish_090109","canton_0901","090109","Roca"
"parish_090110","canton_0901","090110","Rocafuerte"
"parish_090111","canton_0901","090111","Sucre"
"parish_090112","canton_0901","090112","Tarqui"
"parish_090113","canton_0901","090113","Urdaneta"
"parish_090114","canton_0901","090114","Ximena"
"parish_090115","canton_0901","090115","Chongon"
"parish_090116","canton_0901","090116","Pascuales"
"parish_090150","canton_0901","090150","Guayaquil"
"parish_090152","canton_0901","090152","Juan Gomez Rendon (Progreso)"
"parish_090153","canton_0901","090153","Morro"
"parish_090156","canton_0901","090156","Posorja"
"parish_090157","canton_0901","090157","Puna"
"parish_090158","canton_0901","090158","Tenguel"
"parish_090250","canton_0902","090250","Alfredo Baquerizo Moreno"
"parish_090350","canton_0903","090350","Balao"
"parish_090450","canton_0904","090450","Balzar"
"parish_090550","canton_0905","090550","Colimes"
"parish_090551","canton_0905","090551","San Jacinto"
"parish_090601","canton_0906","090601","Daule"
"parish_090602","canton_0906","090602","Banife"
"parish_090603","canton_0906","090603","Emiliano Caicedo Marcos"
"parish_090604","canton_0906","090604","Magro"
"parish_090605","canton_0906","090605","Padre Juan Bautista Aguirre"
"parish_090606","canton_0906","090606","Santa Clara"
"parish_090607","canton_0906","090607","Vicente Piedrahita"
"parish_090650","canton_0906","090650","Daule"
"parish_090652","canton_0906","090652","Juan Bautista Aguirre (Los Tintos)"
"parish_090653","canton_0906","090653","Laurel"
"parish_090654","canton_0906","090654","Limonal"
"parish_090656","canton_0906","090656","Las Lojas (Enrique Baquerizo Moreno)"
"parish_090750","canton_0907","090750","Eloy Alfaro (Duran)"
"parish_090850","canton_0908","090850","Velasco Ibarra (El Empalme)"
"parish_090851","canton_0908","090851","Guayas (Pueblo Nuevo)"
"parish_090852","canton_0908","090852","El Rosario"
"parish_090950","canton_0909","090950","El Triunfo"
"parish_091050","canton_0910","091050","Milagro"
"parish_091051","canton_0910","091051","Chobo"
"parish_091053","canton_0910","091053","Mariscal Sucre (Huaques)"
"parish_091054","canton_0910","091054","Roberto Astudillo"
"parish_091150","canton_0911","091150","Naranjal"
"parish_091151","canton_0911","091151","Jesus Maria"
"parish_091152","canton_0911","091152","San Carlos"
"parish_091153","canton_0911","091153","Santa Rosa de Flandes"
"parish_091154","canton_0911","091154","Taura"
"parish_091250","canton_0912","091250","Naranjito"
"parish_091350","canton_0913","091350","Palestina"
"parish_091450","canton_0914","091450","Pedro Carbo"
"parish_091451","canton_0914","091451","Valle de la Virgen"
"parish_091452","canton_0914","091452","Sabanilla"
"parish_091601","canton_0916","091601","Samborondón"
"parish_091602","canton_0916","091602","La Puntilla (Satélite)"
"parish_091650","canton_0916","091650","Samborondon"
"parish_091651","canton_0916","091651","Tarifa"
"parish_091850","canton_0918","091850","Santa Lucia"
"parish_091901","canton_0919","091901","Bocana"
"parish_091902","canton_0919","091902","Candilejos"
"parish_091903","canton_0919","091903","Central"
"parish_091904","canton_0919","091904","Paraiso"
"parish_091905","canton_0919","091905","San Mateo"
"parish_091950","canton_0919","091950","El Salitre (Las Ramas)"
"parish_091951","canton_0919","091951","General Vernaza (Dos Esteros)"
"parish_091952","canton_0919","091952","La Victoria (Ñauza)"
"parish_091953","canton_0919","091953","Junquillal"
"parish_092050","canton_0920","092050","San Jacinto de Yaguachi"
"parish_092053","canton_0920","092053","Gral. Pedro J. Montero (Boliche)"
"parish_092055","canton_0920","092055","Yaguachi Viejo (Cone)"
"parish_092056","canton_0920","092056","Virgen de Fatima"
"parish_092150","canton_0921","092150","General Villamil"
"parish_092250","canton_0922","092250","Simon Bolivar"
"parish_092251","canton_0922","092251","Crnel. Lorenzo de Garaicoa (Pedregal)"
"parish_092350","canton_0923","092350","Coronel Marcelino Maridueña"
"parish_092450","canton_0924","092450","Lomas de Sargentillo"
"parish_092550","canton_0925","092550","Narcisa de Jesus"
"parish_092750","canton_0927","092750","General Antonio Elizalde (Bucay)"
"parish_092850","canton_0928","092850","Isidro Ayora"
"parish_100101","canton_1001","100101","Caranqui"
"parish_100102","canton_1001","100102","Guayaquil de Alpachaca"
"parish_100103","canton_1001","100103","Sagrario"
"parish_100104","canton_1001","100104","San Francisco"
"parish_100105","canton_1001","100105","La Dolorosa del Piorato"
"parish_100150","canton_1001","100150","Ibarra"
"parish_100151","canton_1001","100151","Ambuqui"
"parish_100152","canton_1001","100152","Angochagua"
"parish_100153","canton_1001","100153","Carolina"
"parish_100154","canton_1001","100154","La Esperanza"
"parish_100155","canton_1001","100155","Lita"
"parish_100156","canton_1001","100156","Salinas"
"parish_100157","canton_1001","100157","San Antonio"
"parish_100201","canton_1002","100201","Andrade Marin (Lourdes)"
"parish_100202","canton_1002","100202","Atuntaqui"
"parish_100250","canton_1002","100250","Atuntaqui"
"parish_100251","canton_1002","100251","Imbaya (San Luis de Cobuendo)"
"parish_100252","canton_1002","100252","San Francisco de Natabuel"
"parish_100253","canton_1002","100253","San Jose de Chaltura"
"parish_100254","canton_1002","100254","San Roque"
"parish_100301","canton_1003","100301","Sagrario"
"parish_100302","canton_1003","100302","San Francisco"
"parish_100350","canton_1003","100350","Cotacachi"
"parish_100351","canton_1003","100351","Apuela"
"parish_100352","canton_1003","100352","Garcia Moreno (Llurimagua)"
"parish_100353","canton_1003","100353","Imantag"
"parish_100354","canton_1003","100354","Peñaherrera"
"parish_100355","canton_1003","100355","Plaza Gutierrez (Calvario)"
"parish_100356","canton_1003","100356","Quiroga"
"parish_100357","canton_1003","100357","6 de Julio de Cuellaje"
"parish_100358","canton_1003","100358","Vacas Galindo (El Churo)"
"parish_100401","canton_1004","100401","Jordan"
"parish_100402","canton_1004","100402","San Luis"
"parish_100450","canton_1004","100450","Otavalo"
"parish_100451","canton_1004","100451","Dr. Miguel Egas Cabezas (Peguche)"
"parish_100452","canton_1004","100452","Eugenio Espejo (Calpaqui)"
"parish_100453","canton_1004","100453","Gonzalez Suarez"
"parish_100454","canton_1004","100454","Pataqui"
"parish_100455","canton_1004","100455","San José de Quichinche"
"parish_100456","canton_1004","100456","San Juan de Iluman"
"parish_100457","canton_1004","100457","San Pablo"
"parish_100458","canton_1004","100458","San Rafael"
"parish_100459","canton_1004","100459","Selva Alegre"
"parish_100550","canton_1005","100550","Pimampiro"
"parish_100551","canton_1005","100551","Chuga"
"parish_100552","canton_1005","100552","Mariano Acosta"
"parish_100553","canton_1005","100553","San Francisco de Sigsipam"
"parish_100650","canton_1006","100650","Urcuqui"
"parish_100651","canton_1006","100651","Cahuasqui"
"parish_100652","canton_1006","100652","La Merced de Buenos Aires"
"parish_100653","canton_1006","100653","Pablo Arenas"
"parish_100654","canton_1006","100654","San Blas"
"parish_100655","canton_1006","100655","Tumbabiro"
"parish_110101","canton_1101","110101","El Sagrario"
"parish_110102","canton_1101","110102","San Sebastian"
"parish_110103","canton_1101","110103","Sucre"
"parish_110104","canton_1101","110104","Valle"
"parish_110164","canton_1101","110105","Punzara"
"parish_110150","canton_1101","110150","Loja"
"parish_110151","canton_1101","110151","Chantaco"
"parish_110152","canton_1101","110152","Chuquiribamba"
"parish_110153","canton_1101","110153","El Cisne"
"parish_110154","canton_1101","110154","Gualel"
"parish_110155","canton_1101","110155","Jimbilla"
"parish_110156","canton_1101","110156","Malacatos (Valladolid)"
"parish_110157","canton_1101","110157","San Lucas"
"parish_110158","canton_1101","110158","San Pedro de Vilcabamba"
"parish_110159","canton_1101","110159","Santiago"
"parish_110160","canton_1101","110160","Taquil (Miguel Riofrio)"
"parish_110161","canton_1101","110161","Vilcabamba (Victoria)"
"parish_110162","canton_1101","110162","Yangana (Arsenio Castillo)"
"parish_110163","canton_1101","110163","Quinara"
"parish_110201","canton_1102","110201","Cariamanga"
"parish_110202","canton_1102","110202","Chile"
"parish_110203","canton_1102","110203","San Vicente"
"parish_110250","canton_1102","110250","Cariamanga"
"parish_110251","canton_1102","110251","Colaisaca"
"parish_110252","canton_1102","110252","El Lucero"
"parish_110253","canton_1102","110253","Utuana"
"parish_110254","canton_1102","110254","Sangillin"
"parish_110301","canton_1103","110301","Catamayo"
"parish_110302","canton_1103","110302","San Jose"
"parish_110350","canton_1103","110350","Catamayo (La Toma)"
"parish_110351","canton_1103","110351","El Tambo"
"parish_110352","canton_1103","110352","Guayquichuma"
"parish_110353","canton_1103","110353","San Pedro de la Bendita"
"parish_110354","canton_1103","110354","Zambi"
"parish_110450","canton_1104","110450","Celica"
"parish_110451","canton_1104","110451","Cruzpamba"
"parish_110455","canton_1104","110455","Pozul (San Juan de Pozul)"
"parish_110456","canton_1104","110456","Sabanilla"
"parish_110457","canton_1104","110457","Tnte. Maximiliano Rodriguez Loayza"
"parish_110550","canton_1105","110550","Chaguarpamba"
"parish_110551","canton_1105","110551","Buenavista"
"parish_110552","canton_1105","110552","El Rosario"
"parish_110553","canton_1105","110553","Santa Rufina"
"parish_110554","canton_1105","110554","Amarillos"
"parish_110650","canton_1106","110650","Amaluza"
"parish_110651","canton_1106","110651","Bellavista"
"parish_110652","canton_1106","110652","Jimbura"
"parish_110653","canton_1106","110653","Santa Teresita"
"parish_110654","canton_1106","110654","27 de Abril"
"parish_110655","canton_1106","110655","El Ingenio"
"parish_110656","canton_1106","110656","El Airo"
"parish_110750","canton_1107","110750","Gonzanama"
"parish_110751","canton_1107","110751","Changaimina (La Libertad)"
"parish_110753","canton_1107","110753","Nambacola"
"parish_110754","canton_1107","110754","Purunuma (Eguiguren)"
"parish_110756","canton_1107","110756","Sacapalca"
"parish_110801","canton_1108","110801","General Eloy Alfaro (San Sebastian)"
"parish_110802","canton_1108","110802","Macara (Manuel Enrique Rangel Suquilanda)"
"parish_110850","canton_1108","110850","Macara"
"parish_110851","canton_1108","110851","Larama"
"parish_110852","canton_1108","110852","La Victoria"
"parish_110853","canton_1108","110853","Sabiango (La Capilla)"
"parish_110901","canton_1109","110901","Catacocha"
"parish_110902","canton_1109","110902","Lourdes"
"parish_110950","canton_1109","110950","Catacocha"
"parish_110951","canton_1109","110951","Cangonama"
"parish_110952","canton_1109","110952","Guachanama"
"parish_110954","canton_1109","110954","Lauro Guerrero"
"parish_110956","canton_1109","110956","Orianga"
"parish_110957","canton_1109","110957","San Antonio"
"parish_110958","canton_1109","110958","Casanga"
"parish_110959","canton_1109","110959","Yamana"
"parish_111050","canton_1110","111050","Alamor"
"parish_111051","canton_1110","111051","Ciano"
"parish_111052","canton_1110","111052","El Arenal"
"parish_111053","canton_1110","111053","El Limo (Mariana de Jesus)"
"parish_111054","canton_1110","111054","Mercadillo"
"parish_111055","canton_1110","111055","Vicentino"
"parish_111150","canton_1111","111150","Saraguro"
"parish_111151","canton_1111","111151","El Paraiso de Celen"
"parish_111152","canton_1111","111152","El Tablon"
"parish_111153","canton_1111","111153","Lluzhapa"
"parish_111154","canton_1111","111154","Manu"
"parish_111155","canton_1111","111155","San Antonio de Quimbe (Cumbe)"
"parish_111156","canton_1111","111156","San Pablo de Tenta"
"parish_111157","canton_1111","111157","San Sebastian de Yuluc"
"parish_111158","canton_1111","111158","Selva Alegre"
"parish_111159","canton_1111","111159","Urdaneta (Paquishapa)"
"parish_111160","canton_1111","111160","Sumaypamba"
"parish_111250","canton_1112","111250","Sozoranga"
"parish_111251","canton_1112","111251","Nueva Fatima"
"parish_111252","canton_1112","111252","Tacamoros"
"parish_111350","canton_1113","111350","Zapotillo"
"parish_111351","canton_1113","111351","Mangahurco"
"parish_111352","canton_1113","111352","Garzareal"
"parish_111353","canton_1113","111353","Limones"
"parish_111354","canton_1113","111354","Paletillas"
"parish_111355","canton_1113","111355","Bolaspamba"
"parish_111450","canton_1114","111450","Pindal"
"parish_111451","canton_1114","111451","Chaquinal"
"parish_111452","canton_1114","111452","12 de Diciembre"
"parish_111550","canton_1115","111550","Quilanga"
"parish_111551","canton_1115","111551","Fundochamba"
"parish_111552","canton_1115","111552","San Antonio de Las Aradas"
"parish_111650","canton_1116","111650","Olmedo"
"parish_111651","canton_1116","111651","Tingue"
"parish_120101","canton_1201","120101","Clemente Baquerizo"
"parish_120102","canton_1201","120102","Dr. Camilo Ponce"
"parish_120103","canton_1201","120103","Barreiro"
"parish_120104","canton_1201","120104","El Salto"
"parish_120150","canton_1201","120150","Babahoyo"
"parish_120152","canton_1201","120152","Caracol"
"parish_120153","canton_1201","120153","Febres Cordero"
"parish_120154","canton_1201","120154","Pimocha"
"parish_120155","canton_1201","120155","La Union"
"parish_120250","canton_1202","120250","Baba"
"parish_120251","canton_1202","120251","Guare"
"parish_120252","canton_1202","120252","Isla de Bejucal"
"parish_120350","canton_1203","120350","Montalvo"
"parish_120450","canton_1204","120450","Puebloviejo"
"parish_120451","canton_1204","120451","Puerto Pechiche"
"parish_120452","canton_1204","120452","San Juan"
"parish_120501","canton_1205","120501","Quevedo"
"parish_120502","canton_1205","120502","San Camilo"
"parish_120504","canton_1205","120504","Guayacan"
"parish_120505","canton_1205","120505","Nicolas Infante Diaz"
"parish_120506","canton_1205","120506","San Cristobal"
"parish_120507","canton_1205","120507","Siete de Octubre"
"parish_120508","canton_1205","120508","24 de Mayo"
"parish_120509","canton_1205","120509","Venus del Rio Quevedo"
"parish_120510","canton_1205","120510","Viva Alfaro"
"parish_120550","canton_1205","120550","Quevedo"
"parish_120553","canton_1205","120553","San Carlos"
"parish_120555","canton_1205","120555","Las Esperanza"
"parish_120650","canton_1206","120650","Catarama"
"parish_120651","canton_1206","120651","Ricaurte"
"parish_120750","canton_1207","120750","Ventanas"
"parish_120752","canton_1207","120752","Zapotal"
"parish_120850","canton_1208","120850","Vinces"
"parish_120851","canton_1208","120851","Antonio Sotomayor"
"parish_120950","canton_1209","120950","Palenque"
"parish_121001","canton_1210","121001","San Jacinto de Buena Fé"
"parish_121002","canton_1210","121002","7 de Agosto"
"parish_121003","canton_1210","121003","11 de Octubre"
"parish_121050","canton_1210","121050","San Jacinto de Buena Fe"
"parish_121051","canton_1210","121051","Patricia Pilar"
"parish_121150","canton_1211","121150","Valencia"
"parish_121250","canton_1212","121250","Mocache"
"parish_121350","canton_1213","121350","Quinsaloma"
"parish_130101","canton_1301","130101","Andres de Vera"
"parish_130102","canton_1301","130102","Colon"
"parish_130103","canton_1301","130103","12 de Marzo"
"parish_130104","canton_1301","130104","Picoaza"
"parish_130105","canton_1301","130105","Portoviejo"
"parish_130106","canton_1301","130106","San Pablo"
"parish_130107","canton_1301","130107","18 de Octubre"
"parish_130108","canton_1301","130108","Francisco Pacheco"
"parish_130109","canton_1301","130109","Simón Bolívar"
"parish_130150","canton_1301","130150","Portoviejo"
"parish_130151","canton_1301","130151","Abdon Calderon (San Francisco)"
"parish_130152","canton_1301","130152","Alhajuela (Bajo Grande)"
"parish_130153","canton_1301","130153","Crucita"
"parish_130154","canton_1301","130154","Pueblo Nuevo"
"parish_130155","canton_1301","130155","Riochico (Rio Chico)"
"parish_130156","canton_1301","130156","San Placido"
"parish_130157","canton_1301","130157","Chirijos"
"parish_130250","canton_1302","130250","Calceta"
"parish_130251","canton_1302","130251","Membrillo"
"parish_130252","canton_1302","130252","Quiroga"
"parish_130301","canton_1303","130301","Chone"
"parish_130302","canton_1303","130302","Santa Rita"
"parish_130350","canton_1303","130350","Chone"
"parish_130351","canton_1303","130351","Boyaca"
"parish_130352","canton_1303","130352","Canuto"
"parish_130353","canton_1303","130353","Convento"
"parish_130354","canton_1303","130354","Chibunga"
"parish_130355","canton_1303","130355","Eloy Alfaro"
"parish_130356","canton_1303","130356","Ricaurte"
"parish_130357","canton_1303","130357","San Antonio"
"parish_130401","canton_1304","130401","El Carmen"
"parish_130404","canton_1304","130404","4 de Diciembre"
"parish_130450","canton_1304","130450","El Carmen"
"parish_130451","canton_1304","130451","Wilfrido Loor Moreira (Maicito)"
"parish_130452","canton_1304","130452","San Pedro de Suma"
"parish_130550","canton_1305","130550","Flavio Alfaro"
"parish_130551","canton_1305","130551","San Francisco de Novillo"
"parish_130552","canton_1305","130552","Zapallo"
"parish_130601","canton_1306","130601","San Lorenzo de Jipijapa"
"parish_130602","canton_1306","130602","Dr. Miguel Moran Lucio"
"parish_130603","canton_1306","130603","Manuel Inocencio Parrales Y Guale"
"parish_130650","canton_1306","130650","Jipijapa"
"parish_130651","canton_1306","130651","America"
"parish_130652","canton_1306","130652","El Anegado"
"parish_130653","canton_1306","130653","Julcuy"
"parish_130654","canton_1306","130654","La Union"
"parish_130656","canton_1306","130656","Membrillal"
"parish_130657","canton_1306","130657","Pedro Pablo Gomez"
"parish_130658","canton_1306","130658","Puerto de Cayo"
"parish_130750","canton_1307","130750","Junin"
"parish_130801","canton_1308","130801","Los Esteros"
"parish_130802","canton_1308","130802","Manta"
"parish_130803","canton_1308","130803","San Mateo"
"parish_130804","canton_1308","130804","Tarqui"
"parish_130805","canton_1308","130805","Eloy Alfaro"
"parish_130850","canton_1308","130850","Manta"
"parish_130851","canton_1308","130851","San Lorenzo"
"parish_130852","canton_1308","130852","Santa Marianita (Boca de Pacoche)"
"parish_130901","canton_1309","130901","Montecristi"
"parish_130902","canton_1309","130902","Anibal San Andres"
"parish_130950","canton_1309","130950","Montecristi"
"parish_130952","canton_1309","130952","La Pila"
"parish_131050","canton_1310","131050","Pajan"
"parish_131051","canton_1310","131051","Campozano (La Palma de Pajan)"
"parish_131052","canton_1310","131052","Cascol"
"parish_131053","canton_1310","131053","Guale"
"parish_131054","canton_1310","131054","Lascano"
"parish_131150","canton_1311","131150","Pichincha"
"parish_131151","canton_1311","131151","Barraganete"
"parish_131152","canton_1311","131152","San Sebastian"
"parish_131250","canton_1312","131250","Rocafuerte"
"parish_131301","canton_1313","131301","Santa Ana"
"parish_131302","canton_1313","131302","Lodana"
"parish_131350","canton_1313","131350","Santa Ana de Vuelta Larga"
"parish_131351","canton_1313","131351","Ayacucho"
"parish_131352","canton_1313","131352","Honorato Vasquez"
"parish_131353","canton_1313","131353","La Union"
"parish_131355","canton_1313","131355","San Pablo"
"parish_131401","canton_1314","131401","Bahia de Caraquez"
"parish_131402","canton_1314","131402","Leonidas Plaza Gutierrez"
"parish_131450","canton_1314","131450","Bahia de Caraquez"
"parish_131453","canton_1314","131453","Charapoto"
"parish_131457","canton_1314","131457","San Isidro"
"parish_131550","canton_1315","131550","Tosagua"
"parish_131551","canton_1315","131551","Bachillero"
"parish_131552","canton_1315","131552","Angel Pedro Giler"
"parish_131650","canton_1316","131650","Sucre"
"parish_131651","canton_1316","131651","Bellavista"
"parish_131652","canton_1316","131652","Noboa"
"parish_131653","canton_1316","131653","Arq. Sixto Duran Ballen"
"parish_131750","canton_1317","131750","Pedernales"
"parish_131751","canton_1317","131751","Cojimies"
"parish_131752","canton_1317","131752","10 de Agosto"
"parish_131753","canton_1317","131753","Atahualpa"
"parish_131850","canton_1318","131850","Olmedo"
"parish_131950","canton_1319","131950","Puerto Lopez"
"parish_131951","canton_1319","131951","Machalilla"
"parish_131952","canton_1319","131952","Salango"
"parish_132050","canton_1320","132050","Jama"
"parish_132150","canton_1321","132150","Jaramijo"
"parish_132250","canton_1322","132250","San Vicente"
"parish_132251","canton_1322","132251","Canoa"
"parish_140150","canton_1401","140150","Macas"
"parish_140151","canton_1401","140151","Alshi"
"parish_140153","canton_1401","140153","General Proaño"
"parish_140156","canton_1401","140156","San Isidro"
"parish_140157","canton_1401","140157","Sevilla Don Bosco"
"parish_140158","canton_1401","140158","Sinai"
"parish_140160","canton_1401","140160","Zuña (Zuñac)"
"parish_140162","canton_1401","140162","Cuchaentza"
"parish_140164","canton_1401","140164","Rio Blanco"
"parish_140201","canton_1402","140201","Gualaquiza"
"parish_140202","canton_1402","140202","Mercedes Molina"
"parish_140250","canton_1402","140250","Gualaquiza"
"parish_140251","canton_1402","140251","Amazonas (Rosario de Cuyes)"
"parish_140252","canton_1402","140252","Bermejos"
"parish_140253","canton_1402","140253","Bomboiza"
"parish_140254","canton_1402","140254","Chigüinda"
"parish_140255","canton_1402","140255","El Rosario"
"parish_140256","canton_1402","140256","Nueva Tarqui"
"parish_140257","canton_1402","140257","San Miguel de Cuyes"
"parish_140258","canton_1402","140258","El Ideal"
"parish_140350","canton_1403","140350","General Leonidas Plaza Gutierrez (Limon)"
"parish_140351","canton_1403","140351","Indanza"
"parish_140353","canton_1403","140353","San Antonio"
"parish_140356","canton_1403","140356","San Miguel de Conchay"
"parish_140357","canton_1403","140357","Santa Susana de Chiviaza"
"parish_140358","canton_1403","140358","Yunganza"
"parish_140450","canton_1404","140450","Palora (Metzera)"
"parish_140451","canton_1404","140451","Arapicos"
"parish_140452","canton_1404","140452","Cumanda"
"parish_140454","canton_1404","140454","Sangay"
"parish_140455","canton_1404","140455","16 de Agosto"
"parish_140550","canton_1405","140550","Santiago de Mendez"
"parish_140551","canton_1405","140551","Copal"
"parish_140552","canton_1405","140552","Chupianza"
"parish_140553","canton_1405","140553","Patuca"
"parish_140554","canton_1405","140554","San Luis de El Acho"
"parish_140556","canton_1405","140556","Tayuza"
"parish_140557","canton_1405","140557","San Francisco de Chinimbimi"
"parish_140650","canton_1406","140650","Sucua"
"parish_140651","canton_1406","140651","Asuncion"
"parish_140652","canton_1406","140652","Huambi"
"parish_140655","canton_1406","140655","Santa Marianita de Jesus"
"parish_140750","canton_1407","140750","Huamboya"
"parish_140751","canton_1407","140751","Chiguaza"
"parish_140850","canton_1408","140850","San Juan Bosco"
"parish_140851","canton_1408","140851","Pan de Azucar"
"parish_140852","canton_1408","140852","San Carlos de Limon"
"parish_140853","canton_1408","140853","San Jacinto de Wakambeis"
"parish_140854","canton_1408","140854","Santiago de Pananza"
"parish_140950","canton_1409","140950","Taisha"
"parish_140951","canton_1409","140951","Huasaga"
"parish_140952","canton_1409","140952","Macuma"
"parish_140953","canton_1409","140953","Tuutinentza"
"parish_141050","canton_1410","141050","Logroño"
"parish_141051","canton_1410","141051","Yaupi"
"parish_141052","canton_1410","141052","Shimpis"
"parish_141150","canton_1411","141150","Pablo Vi"
"parish_141250","canton_1412","141250","Santiago"
"parish_141251","canton_1412","141251","San Jose de Morona"
"parish_150150","canton_1501","150150","Tena"
"parish_150151","canton_1501","150151","Ahuano"
"parish_150153","canton_1501","150153","Chontapunta"
"parish_150154","canton_1501","150154","Pano"
"parish_150155","canton_1501","150155","Puerto Misahualli"
"parish_150156","canton_1501","150156","Puerto Napo"
"parish_150157","canton_1501","150157","Talag"
"parish_150350","canton_1503","150350","Archidona"
"parish_150352","canton_1503","150352","Cotundo"
"parish_150354","canton_1503","150354","San Pablo de Ushpayacu"
"parish_150450","canton_1504","150450","El Chaco"
"parish_150451","canton_1504","150451","Gonzalo Diaz de Pineda (El Bombon)"
"parish_150452","canton_1504","150452","Linares"
"parish_150453","canton_1504","150453","Oyacachi"
"parish_150454","canton_1504","150454","Santa Rosa"
"parish_150455","canton_1504","150455","Sardinas"
"parish_150750","canton_1507","150750","Baeza"
"parish_150751","canton_1507","150751","Cosanga"
"parish_150752","canton_1507","150752","Cuyuja"
"parish_150753","canton_1507","150753","Papallacta"
"parish_150754","canton_1507","150754","San Francisco de Borja (Virgilio Davila)"
"parish_150755","canton_1507","150755","San Jose de Payamino"
"parish_150756","canton_1507","150756","Sumaco"
"parish_150950","canton_1509","150950","Carlos Julio Arosemena T."
"parish_160150","canton_1601","160150","Puyo"
"parish_160152","canton_1601","160152","Canelos"
"parish_160154","canton_1601","160154","Diez de Agosto"
"parish_160155","canton_1601","160155","Fatima"
"parish_160156","canton_1601","160156","Montalvo (Andoas)"
"parish_160157","canton_1601","160157","Pomona"
"parish_160158","canton_1601","160158","Rio Corrientes"
"parish_160159","canton_1601","160159","Rio Tigre"
"parish_160161","canton_1601","160161","Sarayacu"
"parish_160162","canton_1601","160162","Simon Bolivar"
"parish_160163","canton_1601","160163","Tarqui"
"parish_160164","canton_1601","160164","Teniente Hugo Ortiz"
"parish_160165","canton_1601","160165","Veracruz (Indillama)"
"parish_160166","canton_1601","160166","El Triunfo"
"parish_160250","canton_1602","160250","Mera"
"parish_160251","canton_1602","160251","Madre Tierra"
"parish_160252","canton_1602","160252","Shell"
"parish_160350","canton_1603","160350","Santa Clara"
"parish_160351","canton_1603","160351","San Jose"
"parish_160450","canton_1604","160450","Arajuno"
"parish_160451","canton_1604","160451","Curaray"
"parish_170101","canton_1701","170101","Alfaro (Chimbacalle)"
"parish_170102","canton_1701","170102","Benalcazar"
"parish_170103","canton_1701","170103","Cotocollao"
"parish_170104","canton_1701","170104","Chaupicruz (La Concepcion)"
"parish_170105","canton_1701","170105","Chillogallo"
"parish_170106","canton_1701","170106","El Salvador"
"parish_170107","canton_1701","170107","Gonzalez Suarez"
"parish_170108","canton_1701","170108","Guapulo"
"parish_170109","canton_1701","170109","La Floresta"
"parish_170110","canton_1701","170110","La Libertad"
"parish_170111","canton_1701","170111","La Magdalena"
"parish_170112","canton_1701","170112","La Vicentina"
"parish_170113","canton_1701","170113","San Blas"
"parish_170114","canton_1701","170114","San Marcos"
"parish_170115","canton_1701","170115","San Roque"
"parish_170116","canton_1701","170116","San Sebastian"
"parish_170117","canton_1701","170117","Santa Barbara"
"parish_170118","canton_1701","170118","Santa Prisca"
"parish_170119","canton_1701","170119","Villa Flora"
"parish_170120","canton_1701","170120","Carcelen"
"parish_170121","canton_1701","170121","Chimbacalle"
"parish_170122","canton_1701","170122","El Batan"
"parish_170123","canton_1701","170123","El Beaterio"
"parish_170124","canton_1701","170124","El Inca"
"parish_170125","canton_1701","170125","Eloy Alfaro"
"parish_170126","canton_1701","170126","Guamani"
"parish_170127","canton_1701","170127","La Concepcion"
"parish_170128","canton_1701","170128","Las Cuadras"
"parish_170135","canton_1701","170135","Atahualpa (Habaspamba)"
"parish_170150","canton_1701","170150","Quito"
"parish_170151","canton_1701","170151","Alangasi"
"parish_170152","canton_1701","170152","Amaguaña"
"parish_170154","canton_1701","170154","Calacali"
"parish_170155","canton_1701","170155","Calderon (Carapungo)"
"parish_170156","canton_1701","170156","Conocoto"
"parish_170157","canton_1701","170157","Cumbaya"
"parish_170158","canton_1701","170158","Chavezpamba"
"parish_170159","canton_1701","170159","Checa (Chilpa)"
"parish_170160","canton_1701","170160","El Quinche"
"parish_170161","canton_1701","170161","Gualea"
"parish_170162","canton_1701","170162","Guangopolo"
"parish_170163","canton_1701","170163","Guayllabamba"
"parish_170164","canton_1701","170164","La Merced"
"parish_170165","canton_1701","170165","Llano Chico"
"parish_170166","canton_1701","170166","Lloa"
"parish_170168","canton_1701","170168","Nanegal"
"parish_170169","canton_1701","170169","Nanegalito"
"parish_170170","canton_1701","170170","Nayon"
"parish_170171","canton_1701","170171","Nono"
"parish_170172","canton_1701","170172","Pacto"
"parish_170174","canton_1701","170174","Perucho"
"parish_170175","canton_1701","170175","Pifo"
"parish_170176","canton_1701","170176","Pintag"
"parish_170177","canton_1701","170177","Pomasqui"
"parish_170178","canton_1701","170178","Puellaro"
"parish_170179","canton_1701","170179","Puembo"
"parish_170180","canton_1701","170180","San Antonio"
"parish_170181","canton_1701","170181","San Jose de Minas"
"parish_170183","canton_1701","170183","Tababela"
"parish_170184","canton_1701","170184","Tumbaco"
"parish_170185","canton_1701","170185","Yaruqui"
"parish_170186","canton_1701","170186","Zambiza"
"parish_170201","canton_1702","170201","Ayora"
"parish_170202","canton_1702","170202","Cayambe"
"parish_170203","canton_1702","170203","Juan Montalvo"
"parish_170250","canton_1702","170250","Cayambe"
"parish_170251","canton_1702","170251","Ascazubi"
"parish_170252","canton_1702","170252","Cangahua"
"parish_170253","canton_1702","170253","Olmedo (Pesillo)"
"parish_170254","canton_1702","170254","Oton"
"parish_170255","canton_1702","170255","Santa Rosa de Cuzubamba"
"parish_170350","canton_1703","170350","Machachi"
"parish_170351","canton_1703","170351","Aloag"
"parish_170352","canton_1703","170352","Aloasi"
"parish_170353","canton_1703","170353","Cutuglahua"
"parish_170354","canton_1703","170354","El Chaupi"
"parish_170355","canton_1703","170355","Manuel Cornejo Astorga (Tandapi)"
"parish_170356","canton_1703","170356","Tambillo"
"parish_170357","canton_1703","170357","Uyumbicho"
"parish_170450","canton_1704","170450","Tabacundo"
"parish_170451","canton_1704","170451","La Esperanza"
"parish_170452","canton_1704","170452","Malchingui"
"parish_170453","canton_1704","170453","Tocachi"
"parish_170454","canton_1704","170454","Tupigachi"
"parish_170501","canton_1705","170501","Sangolqui"
"parish_170502","canton_1705","170502","San Pedro de Taboada"
"parish_170503","canton_1705","170503","San Rafael"
"parish_170550","canton_1705","170550","Sangolqui"
"parish_170551","canton_1705","170551","Cotogchoa"
"parish_170552","canton_1705","170552","Rumipamba"
"parish_170750","canton_1707","170750","San Miguel de los Bancos"
"parish_170751","canton_1707","170751","Mindo"
"parish_170850","canton_1708","170850","Pedro Vicente Maldonado"
"parish_170950","canton_1709","170950","Puerto Quito"
"parish_180101","canton_1801","180101","Atocha - Ficoa"
"parish_180102","canton_1801","180102","Celiano Monge"
"parish_180103","canton_1801","180103","Huachi Chico"
"parish_180104","canton_1801","180104","Huachi Loreto"
"parish_180105","canton_1801","180105","La Merced"
"parish_180106","canton_1801","180106","La Peninsula"
"parish_180107","canton_1801","180107","La Matriz"
"parish_180108","canton_1801","180108","Pishilata"
"parish_180109","canton_1801","180109","San Francisco"
"parish_180150","canton_1801","180150","Ambato"
"parish_180151","canton_1801","180151","Ambatillo"
"parish_180152","canton_1801","180152","Atahualpa (Chisalata)"
"parish_180153","canton_1801","180153","Augusto N. Martinez (Mundugleo)"
"parish_180154","canton_1801","180154","Constantino Fernandez"
"parish_180155","canton_1801","180155","Huachi Grande"
"parish_180156","canton_1801","180156","Izamba"
"parish_180157","canton_1801","180157","Juan Benigno Vela"
"parish_180158","canton_1801","180158","Montalvo"
"parish_180159","canton_1801","180159","Pasa"
"parish_180160","canton_1801","180160","Picaigua"
"parish_180161","canton_1801","180161","Pilaguin (Pilahuin)"
"parish_180162","canton_1801","180162","Quisapincha (Quizapincha)"
"parish_180163","canton_1801","180163","San Bartolome de Pinllog"
"parish_180164","canton_1801","180164","San Fernando (Pasa San Fernando)"
"parish_180165","canton_1801","180165","Santa Rosa"
"parish_180166","canton_1801","180166","Totoras"
"parish_180167","canton_1801","180167","Cunchibamba"
"parish_180168","canton_1801","180168","Unamuncho"
"parish_180250","canton_1802","180250","Baños de Agua Santa"
"parish_180251","canton_1802","180251","Lligua"
"parish_180252","canton_1802","180252","Rio Negro"
"parish_180253","canton_1802","180253","Rio Verde"
"parish_180254","canton_1802","180254","Ulba"
"parish_180350","canton_1803","180350","Cevallos"
"parish_180450","canton_1804","180450","Mocha"
"parish_180451","canton_1804","180451","Pinguili"
"parish_180550","canton_1805","180550","Patate"
"parish_180551","canton_1805","180551","El Triunfo"
"parish_180552","canton_1805","180552","Los Andes"
"parish_180553","canton_1805","180553","Sucre"
"parish_180650","canton_1806","180650","Quero"
"parish_180651","canton_1806","180651","Rumipamba"
"parish_180652","canton_1806","180652","Yanayacu - Mochapata"
"parish_180701","canton_1807","180701","Pelileo"
"parish_180702","canton_1807","180702","Pelileo Grande"
"parish_180750","canton_1807","180750","Pelileo"
"parish_180751","canton_1807","180751","Benitez (Pachanlica)"
"parish_180752","canton_1807","180752","Bolivar"
"parish_180753","canton_1807","180753","Cotalo"
"parish_180754","canton_1807","180754","Chiquicha"
"parish_180755","canton_1807","180755","El Rosario (Rumichaca)"
"parish_180756","canton_1807","180756","Garcia Moreno (Chumaqui)"
"parish_180757","canton_1807","180757","Guambalo (Huambalo)"
"parish_180758","canton_1807","180758","Salasaca"
"parish_180801","canton_1808","180801","Ciudad Nueva"
"parish_180802","canton_1808","180802","Pillaro"
"parish_180850","canton_1808","180850","Pillaro"
"parish_180851","canton_1808","180851","Baquerizo Moreno"
"parish_180852","canton_1808","180852","Emilio Maria Teran (Rumipamba)"
"parish_180853","canton_1808","180853","Marcos Espinel (Chacata)"
"parish_180854","canton_1808","180854","Presidente Urbina (Chagrapamba-Patzucul)"
"parish_180855","canton_1808","180855","San Andres"
"parish_180856","canton_1808","180856","San Jose de Poalo"
"parish_180857","canton_1808","180857","San Miguelito"
"parish_180950","canton_1809","180950","Tisaleo"
"parish_180951","canton_1809","180951","Quinchicoto"
"parish_190101","canton_1901","190101","Limon"
"parish_190102","canton_1901","190102","Zamora"
"parish_190150","canton_1901","190150","Zamora"
"parish_190151","canton_1901","190151","Cumbaratza"
"parish_190152","canton_1901","190152","Guadalupe"
"parish_190153","canton_1901","190153","Imbana (La Victoria de Imbana)"
"parish_190155","canton_1901","190155","Sabanilla"
"parish_190156","canton_1901","190156","Timbara"
"parish_190158","canton_1901","190158","San Carlos de Las Minas"
"parish_190250","canton_1902","190250","Zumba"
"parish_190251","canton_1902","190251","Chito"
"parish_190252","canton_1902","190252","El Chorro"
"parish_190254","canton_1902","190254","La Chonta"
"parish_190256","canton_1902","190256","Pucapamba"
"parish_190259","canton_1902","190259","San Andrés"
"parish_190350","canton_1903","190350","Guayzimi"
"parish_190351","canton_1903","190351","Zurmi"
"parish_190450","canton_1904","190450","28 de Mayo (San Jose de Yacuambi)"
"parish_190451","canton_1904","190451","La Paz"
"parish_190452","canton_1904","190452","Tutupali"
"parish_190550","canton_1905","190550","Yanzatza"
"parish_190551","canton_1905","190551","Chicaña"
"parish_190553","canton_1905","190553","Los Encuentros"
"parish_190650","canton_1906","190650","El Pangui"
"parish_190651","canton_1906","190651","El Guismi"
"parish_190652","canton_1906","190652","Pachicutza"
"parish_190653","canton_1906","190653","Tundayme"
"parish_190750","canton_1907","190750","Zumbi"
"parish_190850","canton_1908","190850","Palanda"
"parish_190851","canton_1908","190851","El Porvenir del Carmen"
"parish_190852","canton_1908","190852","San Francisco de Vergel"
"parish_190853","canton_1908","190853","Valladolid"
"parish_190950","canton_1909","190950","Paquisha"
"parish_190951","canton_1909","190951","Bellavista"
"parish_190952","canton_1909","190952","Nuevo Quito"
"parish_200150","canton_2001","200150","Puerto Baquerizo Moreno"
"parish_200151","canton_2001","200151","El Progreso"
"parish_200152","canton_2001","200152","Isla Santa Maria (Floreana)"
"parish_200250","canton_2002","200250","Puerto Villamil"
"parish_200251","canton_2002","200251","Tomas de Berlanga (Santo Tomas)"
"parish_200350","canton_2003","200350","Puerto Ayora"
"parish_200351","canton_2003","200351","Bellavista"
"parish_200352","canton_2003","200352","Santa Rosa"
"parish_210150","canton_2101","210150","Nueva Loja"
"parish_210152","canton_2101","210152","Dureno"
"parish_210153","canton_2101","210153","General Farfan"
"parish_210155","canton_2101","210155","El Eno"
"parish_210156","canton_2101","210156","Pacayacu"
"parish_210157","canton_2101","210157","Jambeli"
"parish_210158","canton_2101","210158","Santa Cecilia"
"parish_210250","canton_2102","210250","El Dorado de Cascales (Lumbaqui)"
"parish_210251","canton_2102","210251","El Reventador"
"parish_210252","canton_2102","210252","Gonzalo Pizarro"
"parish_210254","canton_2102","210254","Puerto Libre"
"parish_210350","canton_2103","210350","Puerto El Carmen del Putumayo"
"parish_210351","canton_2103","210351","Palma Roja"
"parish_210352","canton_2103","210352","Puerto Bolivar (Puerto Montufar)"
"parish_210353","canton_2103","210353","Puerto Rodriguez"
"parish_210354","canton_2103","210354","Santa Elena"
"parish_210450","canton_2104","210450","Shushufindi"
"parish_210451","canton_2104","210451","Limoncocha"
"parish_210452","canton_2104","210452","Pañacocha"
"parish_210453","canton_2104","210453","San Roque"
"parish_210454","canton_2104","210454","San Pedro de los Cofanes"
"parish_210455","canton_2104","210455","Siete de Julio"
"parish_210550","canton_2105","210550","La Bonita"
"parish_210551","canton_2105","210551","El Playon de San Francisco"
"parish_210552","canton_2105","210552","La Sofia"
"parish_210553","canton_2105","210553","Rosa Florida"
"parish_210554","canton_2105","210554","Santa Barbara"
"parish_210650","canton_2106","210650","El Dorado de Cascales"
"parish_210651","canton_2106","210651","Santa Rosa de Sucumbios"
"parish_210652","canton_2106","210652","Sevilla"
"parish_210750","canton_2107","210750","Tarapoa"
"parish_210751","canton_2107","210751","Cuyabeno"
"parish_210752","canton_2107","210752","Aguas Negras"
"parish_220150","canton_2201","220150","Puerto Francisco de Orellana (Coca)"
"parish_220151","canton_2201","220151","Alejandro Labaca"
"parish_220152","canton_2201","220152","Dayuma"
"parish_220153","canton_2201","220153","El Dorado"
"parish_220154","canton_2201","220154","El Eden"
"parish_220155","canton_2201","220155","Garcia Moreno"
"parish_220156","canton_2201","220156","Ines Arango"
"parish_220157","canton_2201","220157","La Belleza"
"parish_220158","canton_2201","220158","Nuevo Paraiso"
"parish_220159","canton_2201","220159","San Jose de Guayusa"
"parish_220160","canton_2201","220160","San Luis de Armenia"
"parish_220161","canton_2201","220161","Taracoa"
"parish_220250","canton_2202","220250","Nuevo Rocafuerte"
"parish_220251","canton_2202","220251","Capitan Augusto Rivadeneira"
"parish_220252","canton_2202","220252","Cononaco"
"parish_220253","canton_2202","220253","Santa Maria de Huiririma"
"parish_220254","canton_2202","220254","Tiputini"
"parish_220255","canton_2202","220255","Yasuni"
"parish_220350","canton_2203","220350","La Joya de los Sachas"
"parish_220351","canton_2203","220351","Enokanqui"
"parish_220352","canton_2203","220352","Lago San Pedro"
"parish_220353","canton_2203","220353","Pompeya"
"parish_220354","canton_2203","220354","Rumipamba"
"parish_220355","canton_2203","220355","San Carlos"
"parish_220356","canton_2203","220356","San Sebastian del Coca"
"parish_220357","canton_2203","220357","Tres de Noviembre"
"parish_220358","canton_2203","220358","Union Milagreña"
"parish_220450","canton_2204","220450","Loreto"
"parish_220451","canton_2204","220451","Avila"
"parish_220452","canton_2204","220452","Puerto Murialdo"
"parish_220453","canton_2204","220453","San Jose del Payamino"
"parish_220454","canton_2204","220454","San Jose de Dahuano"
"parish_220455","canton_2204","220455","San Vicente de Huaticocha"
"parish_230101","canton_2301","230101","Abraham Calazacón"
"parish_230102","canton_2301","230102","Bomboli"
"parish_230103","canton_2301","230103","Chiguilpe"
"parish_230104","canton_2301","230104","Río Toachi"
"parish_230105","canton_2301","230105","Río Verde"
"parish_230106","canton_2301","230106","Santo Domingo de los Colorados"
"parish_230107","canton_2301","230107","Zaracay"
"parish_230150","canton_2301","230150","Santo Domingo"
"parish_230151","canton_2301","230151","Alluriquín"
"parish_230152","canton_2301","230152","Puerto Limón"
"parish_230153","canton_2301","230153","Luz de América"
"parish_230154","canton_2301","230154","San Jacinto del Bua"
"parish_230155","canton_2301","230155","Valle Hermoso"
"parish_230156","canton_2301","230156","El Esfuerzo"
"parish_230157","canton_2301","230157","Santa María del Toachi"
"parish_230250","canton_2302","230250","La Concordia"
"parish_230251","canton_2302","230251","Monterrey"
"parish_230252","canton_2302","230252","Las Villegas"
"parish_230253","canton_2302","230253","Plan Piloto"
"parish_240101","canton_2401","240101","Ballenita"
"parish_240102","canton_2401","240102","Santa Elena"
"parish_240150","canton_2401","240150","Santa Elena"
"parish_240151","canton_2401","240151","Atahualpa"
"parish_240152","canton_2401","240152","Colonche"
"parish_240153","canton_2401","240153","Chanduy"
"parish_240154","canton_2401","240154","Manglaralto"
"parish_240155","canton_2401","240155","Simón Bolívar (Julio Moreno)"
"parish_240156","canton_2401","240156","San José de Ancón"
"parish_240250","canton_2402","240250","La Libertad"
"parish_240301","canton_2403","240301","Carlos Espinoza Larrea"
"parish_240302","canton_2403","240302","Gral Alberto Enriquez Gallo"
"parish_240303","canton_2403","240303","Vicente Rocafuerte"
"parish_240304","canton_2403","240304","Santa Rosa"
"parish_240350","canton_2403","240350","Salinas"
"parish_240351","canton_2403","240351","Anconcito"
"parish_240352","canton_2403","240352","José Luis Tamayo"
